Annual Distance (miles/vehicle),2020.0
LDVs,11650.199361732
HDVs,61969.804680204
aircraft,4090822.985578095
rail,33062.387623781
ships,0.0
motorbikes,0.0
