Annual Distance (miles/vehicle),2020.0
LDVs,11954.287611534
HDVs,61321.544131664
aircraft,5926312.518194881
rail,33923.111609539
ships,0.0
motorbikes,0.0
