Annual Distance (miles/vehicle),2020.0
LDVs,13353.327950908
HDVs,16865.867236567
aircraft,5238848.927859234
rail,19695.75
ships,228.181592749
motorbikes,2270.053989717
