Annual Distance (miles/vehicle),2020.0
LDVs,13292.977555758
HDVs,30188.015472419
aircraft,1615146.721799522
rail,0.0
ships,242.919898815
motorbikes,2620.78014546
