Annual Distance (miles/vehicle),2020.0
LDVs,11996.987373937
HDVs,60528.056922036
aircraft,1569832.092365988
rail,33483.72147813
ships,0.0
motorbikes,0.0
