Annual Distance (miles/vehicle),2020.0
LDVs,13246.249785255
HDVs,30583.691926105
aircraft,6097382.019402268
rail,19695.75
ships,242.280819756
motorbikes,2610.958431915
