Unit: dimensionless (ratio of electricity demand in this hour to annual demand),Hour0,Hour1,Hour2,Hour3,Hour4,Hour5,Hour6,Hour7,Hour8,Hour9,Hour10,Hour11,Hour12,Hour13,Hour14,Hour15,Hour16,Hour17,Hour18,Hour19,Hour20,Hour21,Hour22,Hour23
Winter,0,0,0,0,0,0.0,2.0748314352922685e-05,0.12965204217432508,0.44879696608080305,0.577285138313911,0.5765593156248313,0.5568906502448056,0.5646235101728128,0.579101659374064,0.5859203657596342,0.47145866788455604,0.14903244103304508,0.004830305798233079,0.0,0,0,0,0,0
Spring,0,0,0,0,0,0.03209641993093646,0.2354593122726466,0.5199159797357239,0.6742792749801272,0.7114231881068767,0.737423382832502,0.7512533860800644,0.7563011995482876,0.7343872003771529,0.7391017704018328,0.6912927859920535,0.5874519831587959,0.29066706978287465,0.02709808855019726,0,0,0,0,0
Summer,0,0,0,0,0,0.07165518703588525,0.3871465713877595,0.6547721229769191,0.765573566252512,0.8101380310036501,0.8261236277127874,0.8340439644343894,0.8329348610754364,0.8320052704027937,0.8203654500371836,0.7868947411910674,0.6986582507617678,0.4762132079061169,0.12062355757312951,0,0,0,0,0
Fall,0,0,0,0,0,6.5209563006566625e-06,0.11533156526861396,0.4571226594295322,0.6315536516509975,0.6682185737605896,0.6705861639315279,0.6694244676424109,0.6713558782919055,0.6718451915313548,0.6680717314853749,0.602840190440906,0.37342521924300387,0.06938297503898685,0.0,0,0,0,0,0
Summer Peak,0,0,0,0,0,0.012154337993723943,0.25491698218837017,0.4969282673070407,0.6696966571887385,0.776802156842524,0.7153380379215346,0.700119333500302,0.7363908245797546,0.7445673792300779,0.7321920532728317,0.7040087216582938,0.6552440443743831,0.4569441784404143,0.09517214962358383,0,0,0,0,0
Winter Peak,0,0,0,0,0,0.0,0.0,0.00780824137778629,0.2088925556521355,0.3614184480751948,0.4070598288079909,0.43407929048131183,0.42379598391207624,0.39288713408076376,0.34123488074016234,0.2183950380835924,0.03432679700045671,0.0,0.0,0,0,0,0,0
