Unit: dimensionless (ratio of electricity demand in this hour to annual demand),Hour0,Hour1,Hour2,Hour3,Hour4,Hour5,Hour6,Hour7,Hour8,Hour9,Hour10,Hour11,Hour12,Hour13,Hour14,Hour15,Hour16,Hour17,Hour18,Hour19,Hour20,Hour21,Hour22,Hour23
Winter,0.17933367871880165,0.1777973950664412,0.17598094017560117,0.17696415262402057,0.18440539164894287,0.19917277908054748,0.21945088255076267,0.20976509243605823,0.20467474686880796,0.22440250586246385,0.22729340495537262,0.22660161149588268,0.22596787460689688,0.22544604715420555,0.2266188807693007,0.24957099489193063,0.28105015360564256,0.2957118803512025,0.2754174165166967,0.2568135236589046,0.24687437512497495,0.22549387849702784,0.20084869389758417,0.18567366072240093
Spring,0.0792498120929174,0.07685562689833578,0.07597388625041793,0.07705109175793302,0.08132716342107074,0.08912323266571982,0.08695089045432018,0.08595593134337559,0.08760278576695726,0.09329616290180698,0.09615833750245996,0.1004806449777238,0.10207933709700746,0.10334770990465939,0.10638460252613509,0.11413991905176275,0.1306458075973738,0.16163135949885116,0.16674797451576878,0.1574222704866141,0.14687428127022809,0.12431653985408452,0.09867878203015519,0.08301847535631215
Summer,0.2764929721565569,0.26975113870506534,0.2714753491989349,0.2734634891203578,0.28000437461914734,0.2864247802613391,0.29740623021640744,0.31899983639635715,0.33730640235589243,0.38046664382538514,0.43447036877209555,0.46699918909498733,0.4864703936683021,0.5008153507638394,0.5107287830971357,0.515575392826573,0.5189528299873623,0.5593675237284562,0.5381264656159679,0.5137366301443268,0.45606353037692854,0.3716308615747206,0.3237564937605365,0.29358762634824803
Fall,0.1404070154672493,0.13453158846621135,0.13261125718224462,0.13900140985215773,0.1516317451859851,0.16945068512378,0.16627494173296484,0.16450234543255282,0.1695175122948585,0.1781540860233318,0.19375521318985087,0.20669353461647463,0.22123727266469212,0.22235746591367267,0.22846555875114097,0.2428244604432317,0.27056198298343304,0.27109280081390574,0.26364950556833483,0.24234974167610585,0.21971701039821845,0.18891013153554087,0.16505260795828908,0.1482036677612316
Summer Peak,0.0,0.0,0.0,0.0,0.0,0.0,0.0,0.0,0.0,0.0,0.0,0.0,0.0,0.0,0.0,0.0,0.0,0.1524649615531439,0.3256939521186672,0.2664148988384141,0.3256939521186672,0.22623657086764465,0.18301794186617223,0.17256094235698316
Winter Peak,0.0,0.0,0.0,0.0,0.0,0.0,0.0,0.0,0.0,0.0,0.0,0.0,0.0,0.0,0.0,0.0,0.0,0.0,0.0,0.0,0.0,0.0,0.0,0.0
