pumped hydro,Hour0,Hour1,Hour2,Hour3,Hour4,Hour5,Hour6,Hour7,Hour8,Hour9,Hour10,Hour11,Hour12,Hour13,Hour14,Hour15,Hour16,Hour17,Hour18,Hour19,Hour20,Hour21,Hour22,Hour23
Winter,0.028291343669250645,0.03439922480620155,0.038646640826873385,0.04127906976744186,0.06132428940568475,0.14688307493540054,0.24630167958656332,0.15285529715762278,0.08006136950904391,0.11331072351421188,0.1793410852713178,0.12752906976744185,0.07549095607235143,0.0427422480620155,0.04745801033591731,0.19007428940568474,0.3031782945736435,0.3953617571059431,0.33067506459948326,0.2474806201550388,0.21275193798449613,0.17296834625322993,0.1427325581395349,0.06885658914728682
Spring,0.057440175261206594,0.0364551735760027,0.02615436467812605,0.0089737108190091,0.023980451634647796,0.076845298281092,0.06737445230872935,0.058442871587462086,0.11983063700707784,0.13209470845972363,0.11134563532187396,0.09298533872598584,0.09467475564543311,0.1302620492079542,0.13036737445230873,0.1403522076171217,0.2146402089652848,0.438881867205932,0.532562352544658,0.4727544657903607,0.3563153016514998,0.2538591169531513,0.10900320188742839,0.0879634310751601
Summer,0.0018579373104145602,0.0,0.0,0.0,0.0,0.0,0.008236434108527133,0.013629086619480956,0.0020980788675429725,0.02082912032355915,0.1342896865520728,0.24295163464779237,0.35005898213683856,0.4007667677789014,0.4161189753960229,0.44820947084597246,0.44346562184024263,0.5936973373778228,0.5917045837546343,0.42388776541961587,0.17812184024266936,0.06942618806875632,0.04177620492079541,0.02528227165487024
Fall,0.0,0.0,0.0,0.0038823230397763376,0.02601982462828822,0.0676706061761342,0.10279578091244122,0.01586605667810395,0.01353412123522684,0.051512263311729575,0.06181217435506417,0.05910535010801881,0.11732748760960733,0.09773795907993392,0.1944719786504003,0.22815478459778882,0.40139789045622065,0.6239293429914855,0.4669780149955521,0.3411932901258102,0.2383212606430296,0.16117676960223662,0.045075613165586476,0.024507561316558645
Summer Peak,0.0,0.0,0.0,0.0,0.0,0.0,0.0,0.0,0.0,0.0,0.0,0.0,0.0,0.0,0.0,0.0,0.0,0.0,0.0,0.0,0.0,0.0,0.0,0.0
Winter Peak,0.0,0.0,0.0,0.0,0.0,0.0,0.0,0.0,0.0,0.0,0.0,0.0,0.0,0.0,0.0,0.0,0.0,0.0,0.0,0.0,0.0,0.0,0.0,0.0
