Unit: dimensionless (ratio of electricity demand in this hour to annual demand),Hour0,Hour1,Hour2,Hour3,Hour4,Hour5,Hour6,Hour7,Hour8,Hour9,Hour10,Hour11,Hour12,Hour13,Hour14,Hour15,Hour16,Hour17,Hour18,Hour19,Hour20,Hour21,Hour22,Hour23
Winter,0,0,0,0,0.0,0.0,0.008250377073906488,0.12687782805429862,0.27171191553544505,0.3404826546003017,0.3421191553544496,0.3337179487179486,0.3437481146304676,0.4775414781297135,0.46630467571644013,0.35151583710407247,0.10518853695324283,0.02790346907993967,0.0,0,0,0,0,0
Spring,0,0,0,0,0.0,2.9510131811922092e-05,0.14691127287035222,0.28388746803069054,0.35016722408026757,0.3718178241196143,0.3829333071021049,0.3830415109187488,0.3752114892779853,0.47037182766083,0.45149518001180405,0.43456620106236465,0.3502262443438915,0.18669093055282313,0.01652567381467637,0,0,0,0,0
Summer,0,0,0,0,0.00010820381664371433,0.0025870548888451703,0.22195553806807,0.3513377926421404,0.40482982490655134,0.4182470981703717,0.43287428683848134,0.4327857564430455,0.43577611646665343,0.5690635451505016,0.568129057643124,0.5255361007279166,0.4501672240802676,0.2574463899272084,0.05190832185717098,0,0,0,0,0
Fall,0,0,0,0,0.0,0.0,0.10585268155181367,0.26465395742155623,0.3334470736592241,0.3528521623024997,0.3656850382019139,0.36426081151249895,0.35825235516653064,0.47210147615162085,0.4693717083302424,0.39008975595282236,0.21712039166233954,0.0883168904383948,0.0,0,0,0,0,0
Summer Peak,0,0,0,0,0.0,0.0009049773755656109,0.21900452488687783,0.314027149321267,0.34841628959276016,0.3547511312217195,0.44434389140271496,0.43891402714932126,0.44524886877828057,0.5918552036199095,0.5828054298642534,0.5601809954751131,0.4904977375565611,0.27692307692307694,0.04615384615384615,0,0,0,0,0
Winter Peak,0,0,0,0,0.0,0.0,0.0,0.013574660633484163,0.12669683257918551,0.21990950226244343,0.23529411764705882,0.21085972850678733,0.20180995475113123,0.2895927601809955,0.1936651583710407,0.11040723981900452,0.023529411764705882,0.0,0.0,0,0,0,0,0
