solar pv,Hour0,Hour1,Hour2,Hour3,Hour4,Hour5,Hour6,Hour7,Hour8,Hour9,Hour10,Hour11,Hour12,Hour13,Hour14,Hour15,Hour16,Hour17,Hour18,Hour19,Hour20,Hour21,Hour22,Hour23
Winter,0,0,0,0,0,0.0,1.588995571433155e-05,0.09799316884346945,0.33252167538469546,0.42419995017111384,0.42397720872089345,0.40986833839766573,0.4158887511452658,0.4266065732862857,0.43396719567147196,0.3492469350432054,0.1115728754343878,0.0036992569090216606,0.0,0,0,0,0,0
Spring,0,0,0,0,0,0.023556624287980044,0.17281137791217432,0.3815835355564578,0.49487586403892764,0.5221370105466988,0.5412194135026601,0.5513697103614807,0.5550744676397878,0.5389910587663901,0.5424512376582954,0.507362642551601,0.43115044245673845,0.21333017733742868,0.019888183550469462,0,0,0,0,0
Summer,0,0,0,0,0,0.05398118290695122,0.2846328007095239,0.4798107110970958,0.5620659643976113,0.5936553055113118,0.6064610124998799,0.612729018056719,0.6115601287925055,0.6108658794113364,0.6024089873344206,0.577678248458424,0.5123836343093597,0.3491174572472242,0.08870980886113762,0,0,0,0,0
Fall,0,0,0,0,0,4.785945532350323e-06,0.08464565074308336,0.3354974406763866,0.46351811577916097,0.49042771493514736,0.49216536767787433,0.4913127603441482,0.49273028650793366,0.4930894096801019,0.4903199425320486,0.4424443567995288,0.27406912073970247,0.05092246046420742,0.0,0,0,0,0,0
Summer Peak,0,0,0,0,0,0.008920470700575184,0.18709200549339686,0.3647120930065466,0.49151252925581346,0.5701207983384577,0.5250102483229431,0.5138407377366471,0.5404615848455151,0.5464626287713565,0.5373799676944072,0.5166952883608312,0.48090527864094773,0.3353664475745938,0.06984998875844325,0,0,0,0,0
Winter Peak,0,0,0,0,0,0.0,0.0,0.005730726631884663,0.15331315644055216,0.26525695421395196,0.2987546732810816,0.3185851499657542,0.3110378911184796,0.288352863809623,0.250443566505118,0.1602873426246382,0.025193571796775973,0.0,0.0,0,0,0,0,0
