hydrogen combined cycle,Hour0,Hour1,Hour2,Hour3,Hour4,Hour5,Hour6,Hour7,Hour8,Hour9,Hour10,Hour11,Hour12,Hour13,Hour14,Hour15,Hour16,Hour17,Hour18,Hour19,Hour20,Hour21,Hour22,Hour23
Winter,0.17555856417649274,0.17395548558272528,0.1723396032255999,0.17355275980377044,0.18131753096021108,0.19734013671573986,0.21944856088070933,0.20934402052395845,0.20246816249398336,0.22172786786516216,0.22474445822297995,0.22402258678699047,0.22336129612022268,0.22281678051741435,0.22404060689838323,0.24560866482829916,0.2752778298095322,0.28950589328774556,0.26915537841048387,0.2495838776908649,0.2394485134593634,0.21815561788828003,0.19473445231902237,0.1792491304110719
Spring,0.0792498120929174,0.07685562689833578,0.07597388625041793,0.07705109175793302,0.08132716342107074,0.08912323266571982,0.08695089045432018,0.08595593134337559,0.08760278576695726,0.09329616290180698,0.09615833750245996,0.1004806449777238,0.10207933709700746,0.10334770990465939,0.10638460252613509,0.11413991905176275,0.1306458075973738,0.16163135949885116,0.16674797451576878,0.1574222704866141,0.14687428127022809,0.12431653985408452,0.09867878203015519,0.08301847535631215
Summer,0.2801141965964174,0.27311183531318817,0.2748082045032999,0.27691060533974715,0.2836790008769406,0.29044912020730657,0.2997047925838031,0.3198065716010403,0.33734836104879334,0.3777890189987081,0.42656311997788554,0.4591440646040071,0.47880094827429504,0.49399117041795404,0.504257769135828,0.5101641113783512,0.5149220939511158,0.5545845376379271,0.5322296042358929,0.5088521480656846,0.45606819075056454,0.37366570573032726,0.3254496436135971,0.29518422334341904
Fall,0.1404070154672493,0.13453158846621135,0.13261125718224462,0.13900140985215773,0.1516317451859851,0.16945068512378,0.16627494173296484,0.16450234543255282,0.1695175122948585,0.1781540860233318,0.19375521318985087,0.20669353461647463,0.22123727266469212,0.22235746591367267,0.22846555875114097,0.2428244604432317,0.27056198298343304,0.27109280081390574,0.26364950556833483,0.24234974167610585,0.21971701039821845,0.18891013153554087,0.16505260795828908,0.1482036677612316
Summer Peak,0.0,0.0,0.0,0.0,0.0,0.0,0.0,0.0,0.0,0.0,0.0,0.0,0.0,0.0,0.0,0.0,0.0,0.1524649615531439,0.3256939521186672,0.2664148988384141,0.3256939521186672,0.22623657086764465,0.18301794186617223,0.17256094235698316
Winter Peak,0.0,0.0,0.0,0.0,0.0,0.0,0.0,0.0,0.0,0.0,0.0,0.0,0.0,0.0,0.0,0.0,0.0,0.0,0.0,0.0,0.0,0.0,0.0,0.0
