biomass,Hour0,Hour1,Hour2,Hour3,Hour4,Hour5,Hour6,Hour7,Hour8,Hour9,Hour10,Hour11,Hour12,Hour13,Hour14,Hour15,Hour16,Hour17,Hour18,Hour19,Hour20,Hour21,Hour22,Hour23
Winter,0.4815890449055674,0.47470920140691647,0.4884688884042184,0.4815890449055674,0.4884688884042184,0.5297479493961242,0.564147166889379,0.564147166889379,0.564147166889379,0.5847866973853318,0.6054262278812848,0.6054262278812848,0.6123060713799358,0.6123060713799358,0.6191859148785867,0.6398254453745393,0.6535851323718411,0.6673448193691429,0.6467052888731902,0.6054262278812848,0.577906853886681,0.564147166889379,0.5297479493961242,0.5091084189001713
Spring,0.44718982741231245,0.43859002303899874,0.429990218665685,0.44718982741231245,0.43859002303899874,0.44718982741231245,0.44718982741231245,0.4557896317856262,0.48158904490556725,0.5073884580255085,0.490188849278881,0.48158904490556725,0.4987886536521947,0.490188849278881,0.5159882623988222,0.550387479892077,0.5933865017586455,0.6535851323718416,0.6879843498650965,0.6793845454917827,0.6449853279985278,0.6019863061319592,0.550387479892077,0.46438943615893985
Summer,0.5889178757049736,0.5798238297010098,0.5707297836970457,0.5707297836970457,0.5707297836970457,0.5798238297010098,0.6365832202774742,0.6911474963012577,0.7002415423052215,0.7184296343131494,0.7275236803171135,0.7366177263210774,0.7366177263210774,0.7366177263210774,0.7366177263210774,0.7457117723250413,0.7820879563408969,0.7820879563408969,0.7911820023448609,0.7911820023448609,0.7911820023448609,0.7820879563408969,0.654771312285402,0.5798238297010098
Fall,0.5058376736303205,0.5058376736303205,0.5058376736303205,0.5317780671498242,0.544748263909576,0.5577184606693278,0.5577184606693278,0.5706886574290797,0.5966290509485833,0.6095992477083351,0.6225694444680869,0.6355396412278387,0.6355396412278387,0.6614800347473423,0.6646107718962478,0.7164915589352552,0.7782118055851088,0.7911820023448607,0.7782118055851088,0.7522714120656051,0.7003906250265979,0.645379100838685,0.5934983137996778,0.5188078703900724
Summer Peak,0.0,0.0,0.0,0.0,0.0,0.0,0.0,0.0,0.0,0.0,0.0,0.0,0.0,0.7911820023448599,0.7911820023448599,0.7911820023448599,0.7911820023448599,0.7911820023448599,0.7911820023448599,0.7911820023448599,0.7911820023448599,0.7911820023448599,0.7911820023448599,0.7911820023448599
Winter Peak,0.0,0.0,0.0,0.0,0.0,0.0,0.0,0.0,0.0,0.0,0.0,0.0,0.0,0.0,0.0,0.0,0.7911820023448599,0.7911820023448599,0.7911820023448599,0.7911820023448599,0.7911820023448599,0.7911820023448599,0.0,0.0
