Unit: dimensionless (ratio of electricity demand in this hour to annual demand),Hour0,Hour1,Hour2,Hour3,Hour4,Hour5,Hour6,Hour7,Hour8,Hour9,Hour10,Hour11,Hour12,Hour13,Hour14,Hour15,Hour16,Hour17,Hour18,Hour19,Hour20,Hour21,Hour22,Hour23
Winter,0,0,0,0,0,0,0,0,0,0,0,0.0,0.0,0.0,0.0,0.0,0.016185850238897154,0.02697641706482859,0.016185850238897154,0.010790566825931436,0.0,0,0,0
Spring,0,0,0,0,0,0,0,0,0,0,0,0.0,0.0,0.0,0.0,0.0,0.0,0.0,0.0,0.0,0.0,0,0,0
Summer,0,0,0,0,0,0,0,0,0,0,0,0.070399520588065,0.27792186717794853,0.5488589255247052,0.6260069268256134,0.659355450192582,0.7086429922081724,0.7086429922081724,0.7086429922081724,0.47998240836599787,0.0755987391917341,0,0,0
Fall,0,0,0,0,0,0,0,0,0,0,0,0.0,0.0,0.0,0.0,0.14867061853883023,0.14867061853883023,0.15928429082663162,0.15928429082663162,0.0,0.0,0,0,0
Summer Peak,0,0,0,0,0,0,0,0,0,0,0,0.0,0.0,0.0,0.0,0.0,0.0,0.0,0.0,0.0,0.0,0,0,0
Winter Peak,0,0,0,0,0,0,0,0,0,0,0,0.0,0.0,0.0,0.0,0.0,0.0,0.0,0.0,0.0,0.0,0,0,0
