solar pv,Hour0,Hour1,Hour2,Hour3,Hour4,Hour5,Hour6,Hour7,Hour8,Hour9,Hour10,Hour11,Hour12,Hour13,Hour14,Hour15,Hour16,Hour17,Hour18,Hour19,Hour20,Hour21,Hour22,Hour23
Winter,0,0,0,0,0,0.0,1.59374208442844e-05,0.09828588573817115,0.33351495597137687,0.42546708433579267,0.4252436775311767,0.4110926623854322,0.41713105880010926,0.4278808963117117,0.4352635057246989,0.35029017590903794,0.11190615647852122,0.0037103070159616894,0.0,0,0,0,0,0
Spring,0,0,0,0,0,0.023626990640988246,0.17332758542447932,0.3827233695766822,0.4963541153078062,0.5236966940036161,0.5428360982975546,0.5530167152634999,0.5567325390789843,0.5406010872087409,0.5440716020539816,0.5088781932677185,0.4324383385433197,0.21396741917574622,0.019947591847995282,0,0,0,0,0
Summer,0,0,0,0,0,0.054142430924739963,0.2854830317055949,0.4812439610170091,0.5637449202437967,0.595428622361898,0.6082725814738376,0.6145593102860241,0.6133869294147964,0.6126906062306735,0.6042084524419793,0.5794038399973155,0.5139141833068167,0.35016031134795034,0.08897479528912927,0,0,0,0,0
Fall,0,0,0,0,0,4.800241703511793e-06,0.08489849706214768,0.33649961021712294,0.46490269783819804,0.49189267906974715,0.49363552238158137,0.4927803682114372,0.49420212868932556,0.49456232460381877,0.49178458473805337,0.4437659891105272,0.2748877968056301,0.051074571725365454,0.0,0,0,0,0,0
Summer Peak,0,0,0,0,0,0.0089471171751567,0.1876508708869532,0.3658015300824673,0.49298073385587654,0.5718238149024089,0.5265785144724044,0.5153756392700566,0.5420760059188273,0.5480949756548418,0.5389851836219549,0.5182387167661068,0.4823417981603266,0.3363682258238306,0.0700586387291058,0,0,0,0,0
Winter Peak,0,0,0,0,0,0.0,0.0,0.005747844973130971,0.1537711205170265,0.26604930732235654,0.2996470879388844,0.31953680054402067,0.31196699716431225,0.28921420706312595,0.25119167031633877,0.16076613939942175,0.02526882790074559,0.0,0.0,0,0,0,0,0
