hard coal,Hour0,Hour1,Hour2,Hour3,Hour4,Hour5,Hour6,Hour7,Hour8,Hour9,Hour10,Hour11,Hour12,Hour13,Hour14,Hour15,Hour16,Hour17,Hour18,Hour19,Hour20,Hour21,Hour22,Hour23
Winter,0.09993056686966215,0.0926739890564429,0.0926739890564429,0.09509212671078833,0.11207212912068844,0.1387701440018121,0.16426233733103743,0.15525439571981867,0.1395992816218786,0.13824083813208293,0.1407921140726793,0.13766498798342058,0.11912521101671122,0.1123145923411779,0.115279354666716,0.15090629412738107,0.19781968001681058,0.21370751550941688,0.20256070191745204,0.19516016156706723,0.16983899140229422,0.15375631939322326,0.11972054481702006,0.10078351784174101
Spring,0.041345932431450245,0.041345932431450245,0.041345932431450245,0.041345932431450245,0.041345932431450245,0.041345932431450245,0.047452162978709085,0.041345932431450245,0.041345932431450245,0.041345932431450245,0.041345932431450245,0.05256526850454357,0.060981123590727895,0.06292813572401074,0.06946868933922215,0.07866524352262969,0.0931047942428482,0.11698850388614813,0.11243555334514972,0.10749563583395053,0.10676905799130085,0.07077165854307993,0.04211174818366575,0.041345932431450245
Summer,0.6756384823866969,0.6692442738880189,0.6692442738880189,0.6692442738880189,0.6801955542301269,0.6938653389686292,0.6981419756216946,0.7631170922791028,0.8573461778252929,1.0,1.0,1.0,1.0,1.0,1.0,1.0,1.0,1.0,1.0,1.0,1.0,1.0,0.7978509937143015,0.7051814712165693
Fall,0.19148117612789473,0.19148117612789473,0.19148117612789473,0.19148117612789473,0.19603996023034925,0.20834908543446995,0.20980610058628393,0.20059874433280378,0.21436896596367355,0.23388562270309832,0.2759125513468095,0.3215105955586922,0.3535424818864579,0.3585869377061838,0.40291366477579743,0.41709813581257515,0.4611187672620599,0.46265944855004254,0.45509480545792125,0.4341109303793448,0.34832253124452484,0.2542552659039492,0.18836512271498157,0.1794536588942927
Summer Peak,0.7900674863898868,0.7900674863898868,0.7900674863898868,0.7900674863898868,0.7900674863898868,0.7900674863898868,0.7900674863898868,0.7900674863898868,0.7900674863898868,0.7900674863898868,0.7900674863898868,0.7900674863898868,0.7900674863898868,0.7900674863898868,0.7900674863898868,0.7900674863898868,0.7900674863898868,0.8545475490887935,1.0,0.8545475490887935,1.0,0.9364546557603778,0.9191520906732195,0.9191520906732195
Winter Peak,0.0,0.0,0.0,0.0,0.0,0.0,0.0,0.0,0.0,0.0,0.0,0.0,0.0,0.0,0.0,0.0,0.0,0.0,0.0,0.0,0.0,0.0,0.0,0.0
