natural gas combined cycle,Hour0,Hour1,Hour2,Hour3,Hour4,Hour5,Hour6,Hour7,Hour8,Hour9,Hour10,Hour11,Hour12,Hour13,Hour14,Hour15,Hour16,Hour17,Hour18,Hour19,Hour20,Hour21,Hour22,Hour23
Winter,0.326834927,0.323850498,0.320842232,0.323100749,0.337556315,0.367385376,0.408544321,0.389732839,0.37693215,0.412787675,0.418403619,0.417059721,0.415828605,0.414814888,0.417093268,0.457246221,0.512480891,0.538969078,0.501082808,0.464646819,0.445777953,0.406137267,0.36253441,0.333705602
Spring,0.147538268,0.143081047,0.141439523,0.143444941,0.151405644,0.165919477,0.161875258,0.160022957,0.163088883,0.173688163,0.179016634,0.187063413,0.190039676,0.192400988,0.198054729,0.212492693,0.243221475,0.300906844,0.310432375,0.293070842,0.273433798,0.231438366,0.18370891,0.154554336
Summer,0.521484687,0.508448489,0.511606596,0.515520606,0.528121234,0.54072507,0.557956226,0.595379427,0.628036732,0.70332454,0.794126602,0.854782092,0.891377038,0.919656462,0.938769645,0.9497654,0.95862327,1.0,0.99084442,0.947322936,0.84905578,0.695648225,0.605885056,0.549540345
Fall,0.261393779,0.250455579,0.246880525,0.258776983,0.282290702,0.315463974,0.309551736,0.306251719,0.315588385,0.331666973,0.360711374,0.384798466,0.41187434,0.413959788,0.42533114,0.452062906,0.503701465,0.504689681,0.490832602,0.451179129,0.409044089,0.351691353,0.307276135,0.275908698
Summer Peak,0.0,0.0,0.0,0.0,0.0,0.0,0.0,0.0,0.0,0.0,0.0,0.0,0.0,0.0,0.0,0.0,0.0,0.283841889,0.606339881,0.495980896,0.606339881,0.421181464,0.340721946,0.321254296
Winter Peak,0.0,0.0,0.0,0.0,0.0,0.0,0.0,0.0,0.0,0.0,0.0,0.0,0.0,0.0,0.0,0.0,0.0,0.0,0.0,0.0,0.0,0.0,0.0,0.0
